title,company,location,link
2020 Market Data Analyst - Seoul (Korean Speaker),Bloomberg,서울,https://kr.indeed.com/%EC%B1%84%EC%9A%A9%EB%B3%B4%EA%B8%B0?jk=212ca67d161b7162
[개발]Python 백엔드 개발자(정규직),위메프,대한민국,https://kr.indeed.com/%EC%B1%84%EC%9A%A9%EB%B3%B4%EA%B8%B0?jk=a4946f6098077a45
앰코코리아 RF/엔지니어/R&D/자재관리/구매 신입 및 경력사원,앰코테크놀로지코리아,인천 연수구,https://kr.indeed.com/%EC%B1%84%EC%9A%A9%EB%B3%B4%EA%B8%B0?jk=6c72bc66247b6640
Mid-Market Sales Engineer,DataDog,대한민국,https://kr.indeed.com/%EC%B1%84%EC%9A%A9%EB%B3%B4%EA%B8%B0?jk=52a593e64d404756
Data Scientist,"Koniag, Inc.",대한민국,https://kr.indeed.com/%EC%B1%84%EC%9A%A9%EB%B3%B4%EA%B8%B0?jk=193bfe67eed05c31
정보보안 담당자,Nexon,성남 분당구,https://kr.indeed.com/%EC%B1%84%EC%9A%A9%EB%B3%B4%EA%B8%B0?jk=eeb9fe1c361f0758
Process & Data Scientist,Applied Materials Inc.,대한민국,https://kr.indeed.com/%EC%B1%84%EC%9A%A9%EB%B3%B4%EA%B8%B0?jk=e56ad55002666f4c
씨젠 2020년 하반기,씨젠,서울 송파구,https://kr.indeed.com/%EC%B1%84%EC%9A%A9%EB%B3%B4%EA%B8%B0?jk=15e577c4d57aaee8
블록체인 시스템 엔지니어 채용(무관),네오위즈,대한민국,https://kr.indeed.com/%EC%B1%84%EC%9A%A9%EB%B3%B4%EA%B8%B0?jk=ef10a663799ced7d
"빅데이터, 인공지능(AI) 외 신입/경력 정규직",thecompany,경상남도,https://kr.indeed.com/%EC%B1%84%EC%9A%A9%EB%B3%B4%EA%B8%B0?jk=2b7bc67cebf49cc0
풀스텍 개발자,thecompany,경상남도,https://kr.indeed.com/%EC%B1%84%EC%9A%A9%EB%B3%B4%EA%B8%B0?jk=324c4d2fbbec4bd7
보훈대상자 인재 채용,네오위즈,대한민국,https://kr.indeed.com/%EC%B1%84%EC%9A%A9%EB%B3%B4%EA%B8%B0?jk=dfcb86f156623e5c
"Field Application Engineer, Korea",Arteris,대한민국,https://kr.indeed.com/%EC%B1%84%EC%9A%A9%EB%B3%B4%EA%B8%B0?jk=1b06cec85f4b58e8
백/프론트 웹개발자(풀스택 Full Stack) 경력자,소프트케익,부산 연제구,https://kr.indeed.com/%EC%B1%84%EC%9A%A9%EB%B3%B4%EA%B8%B0?jk=928c3bf56ce83048
Machine Learning Researcher (Intern),Qualcomm Korea YH,서울,https://kr.indeed.com/%EC%B1%84%EC%9A%A9%EB%B3%B4%EA%B8%B0?jk=0f7993638aee82bd
Software Engineer Intern,Intel,서울,https://kr.indeed.com/%EC%B1%84%EC%9A%A9%EB%B3%B4%EA%B8%B0?jk=153b61bfd2b5f9d1
Deep Learning Engineer Intern,Intel,서울,https://kr.indeed.com/%EC%B1%84%EC%9A%A9%EB%B3%B4%EA%B8%B0?jk=0b020b7dde41a326
[해외취업] AI 엔지니어,株式会社ASCOM,대한민국,https://kr.indeed.com/%EC%B1%84%EC%9A%A9%EB%B3%B4%EA%B8%B0?jk=cdc69e78bbccefd3
분석지원팀 - 데이터 분석가,Nexon,성남 분당구,https://kr.indeed.com/%EC%B1%84%EC%9A%A9%EB%B3%B4%EA%B8%B0?jk=4233609a843b5e96
"[해외취업] 베리텍, 시스템개발자/응용프로그래머",에임하이글로벌,대한민국,https://kr.indeed.com/%EC%B1%84%EC%9A%A9%EB%B3%B4%EA%B8%B0?jk=3e2ccf374eae0c90
[아이콘트롤스] 2020년 경력 직원 (데이터분석),현대산업개발,대한민국,https://kr.indeed.com/%EC%B1%84%EC%9A%A9%EB%B3%B4%EA%B8%B0?jk=792d3ac05912a792
Software Engineer,Google,서울,https://kr.indeed.com/%EC%B1%84%EC%9A%A9%EB%B3%B4%EA%B8%B0?jk=d2df92c32bd4a203
Infra사업본부 Bigdata 프로젝트 개발자 件,SK 네트웍스서비스,경기도,https://kr.indeed.com/%EC%B1%84%EC%9A%A9%EB%B3%B4%EA%B8%B0?jk=2cff377c899798fc
퀀트운용팀 (사원-대리급),신한비엔피파리바자산운용,대한민국,https://kr.indeed.com/%EC%B1%84%EC%9A%A9%EB%B3%B4%EA%B8%B0?jk=9040dba1c8db2a5d
네트워크 엔지니어,이베이 코리아,대한민국,https://kr.indeed.com/%EC%B1%84%EC%9A%A9%EB%B3%B4%EA%B8%B0?jk=e5ab641672f761c3
JAVA /JSP/PYTHON 개발자,티큐에스코리아,대한민국,https://kr.indeed.com/%EC%B1%84%EC%9A%A9%EB%B3%B4%EA%B8%B0?jk=9fe8834bb6f7cadb
Developer / Designer recruit,마이뮤직테이스트,서울 논현동,https://kr.indeed.com/%EC%B1%84%EC%9A%A9%EB%B3%B4%EA%B8%B0?jk=55a19c92c845685e
[기술플랫폼실] 정보보호 담당자 영입,카카오페이,성남 분당구,https://kr.indeed.com/%EC%B1%84%EC%9A%A9%EB%B3%B4%EA%B8%B0?jk=6e9819bc1b7015c9
"[해외취업] 누리누비, 시스템개발자/응용프로그래머",에임하이글로벌,대한민국,https://kr.indeed.com/%EC%B1%84%EC%9A%A9%EB%B3%B4%EA%B8%B0?jk=b8484108a7f4884f
소프트웨어 엔지니어,Nexon,성남 분당구,https://kr.indeed.com/%EC%B1%84%EC%9A%A9%EB%B3%B4%EA%B8%B0?jk=d71794dc69947981
보험 신규사업 비즈니스 분야 담당자 영입,카카오페이,성남 분당구,https://kr.indeed.com/%EC%B1%84%EC%9A%A9%EB%B3%B4%EA%B8%B0?jk=e30f23f4f814b717
"JAVA, Python 외 신입/경력 정규직, 계약직",여니,경기도 의왕,https://kr.indeed.com/%EC%B1%84%EC%9A%A9%EB%B3%B4%EA%B8%B0?jk=3faad1cd7ea60ffd
[TmaxAI/R&D] AI본부 R&D 개발 연구원 신입/경력 (병역특례포함),티맥스소프트,서울,https://kr.indeed.com/%EC%B1%84%EC%9A%A9%EB%B3%B4%EA%B8%B0?jk=dea33f0db5160c11
DBA 엔지니어,쏘카,대한민국,https://kr.indeed.com/%EC%B1%84%EC%9A%A9%EB%B3%B4%EA%B8%B0?jk=609e248684d02ecf
광고팀 - 분석가,Nexon,성남 분당구,https://kr.indeed.com/%EC%B1%84%EC%9A%A9%EB%B3%B4%EA%B8%B0?jk=3a08c7089343733d
데이터 분석가,카카오,성남 판교역,https://kr.indeed.com/%EC%B1%84%EC%9A%A9%EB%B3%B4%EA%B8%B0?jk=092d062a6faa7139
추천 시스템 소프트웨어 엔지니어,카카오,성남 판교역,https://kr.indeed.com/%EC%B1%84%EC%9A%A9%EB%B3%B4%EA%B8%B0?jk=07375dc4e800dfa9
카카오톡 보이스톡/페이스톡/라이브톡 개발자,카카오,성남 판교역,https://kr.indeed.com/%EC%B1%84%EC%9A%A9%EB%B3%B4%EA%B8%B0?jk=d585814d097935eb
흥국자산운용 위험관리팀 경력직 및 인턴,흥국자산운용,대한민국,https://kr.indeed.com/%EC%B1%84%EC%9A%A9%EB%B3%B4%EA%B8%B0?jk=95ec8e0e72c787b8
FPGA 플랫폼 엔지니어(딥러닝 하드웨어 프로세서 개발),딥엑스,성남 분당구,https://kr.indeed.com/%EC%B1%84%EC%9A%A9%EB%B3%B4%EA%B8%B0?jk=00a89d974a463f1f
"Design Consultant, Sr I",Synopsys,대한민국,https://kr.indeed.com/%EC%B1%84%EC%9A%A9%EB%B3%B4%EA%B8%B0?jk=65c4c2209aa2d9f2
유저프로파일팀 - 데이터 모델러,Nexon,성남 분당구,https://kr.indeed.com/%EC%B1%84%EC%9A%A9%EB%B3%B4%EA%B8%B0?jk=8dfc9993e2aa9160
(주)웨이브웨어 2020 년도 신입사원 (개발자),웨이브웨어,대전 유성구,https://kr.indeed.com/%EC%B1%84%EC%9A%A9%EB%B3%B4%EA%B8%B0?jk=1261d7964780dcb4
2020 Market Data Analyst - Seoul (Korean Speaker),Bloomberg,서울,https://kr.indeed.com/%EC%B1%84%EC%9A%A9%EB%B3%B4%EA%B8%B0?jk=212ca67d161b7162
프론트엔드 개발자,스포카,대한민국,https://kr.indeed.com/%EC%B1%84%EC%9A%A9%EB%B3%B4%EA%B8%B0?jk=b25ed61fb84a5785
2019 Military Service Exemption Position Available at the IBS CMCM (Synthetic Organic/Polymer Chemistry OR Theoretical Study of Carbon and Related Materials),울산과학기술원,울산 언양읍,https://kr.indeed.com/%EC%B1%84%EC%9A%A9%EB%B3%B4%EA%B8%B0?jk=8becbf73bbda7c96
[카카오커머스] 기술직군,카카오커머스,성남 분당구,https://kr.indeed.com/%EC%B1%84%EC%9A%A9%EB%B3%B4%EA%B8%B0?jk=665e5885dfd75df4
추천 통계분석/데이터사이언티스트,카카오,성남 판교역,https://kr.indeed.com/%EC%B1%84%EC%9A%A9%EB%B3%B4%EA%B8%B0?jk=bfe0f5ac4f32ec89
MySQL Engineer,카카오,성남 판교역,https://kr.indeed.com/%EC%B1%84%EC%9A%A9%EB%B3%B4%EA%B8%B0?jk=dd06066d79860614
백엔드 개발자,스포카,대한민국,https://kr.indeed.com/%EC%B1%84%EC%9A%A9%EB%B3%B4%EA%B8%B0?jk=bd8e5afa35b65cbc
[Clova] Clova AI 인재,네이버,서울,https://kr.indeed.com/%EC%B1%84%EC%9A%A9%EB%B3%B4%EA%B8%B0?jk=92bd400e3b5306ba
MongoDB Engineer,카카오,성남 판교역,https://kr.indeed.com/%EC%B1%84%EC%9A%A9%EB%B3%B4%EA%B8%B0?jk=2695294aea6dc3b6
RTL 및 ASIC 설계 엔지니어(딥러닝 하드웨어 프로세서 개발),딥엑스,성남 분당구,https://kr.indeed.com/%EC%B1%84%EC%9A%A9%EB%B3%B4%EA%B8%B0?jk=694ab958318e7fdc
딥러닝 알고리즘 및 응용 Engineer,딥엑스,성남 분당구,https://kr.indeed.com/%EC%B1%84%EC%9A%A9%EB%B3%B4%EA%B8%B0?jk=07a8bb63e26d141c
얼굴모션 캡처기술 인공지능(AI) 연구개발 전문기업,인공지능(AI) 연구개발 전문기업,경기도,https://kr.indeed.com/%EC%B1%84%EC%9A%A9%EB%B3%B4%EA%B8%B0?jk=4fa50f2ffd370bae
[TGD] Data Scientist 모집,엔씨소프트,성남 판교역,https://kr.indeed.com/%EC%B1%84%EC%9A%A9%EB%B3%B4%EA%B8%B0?jk=7290c535be43938a
메이저 대형게임개발회사 크래시수집을 위한 클라이언트 프로그래머 포지션 ASAP,메이저 대형게임개발회사,성남 판교역,https://kr.indeed.com/%EC%B1%84%EC%9A%A9%EB%B3%B4%EA%B8%B0?jk=3833d6df4356ebf5
PHP(Laravel) 웹앱 개발 경력직 (급여 최고 대우),세마그룹,부산,https://kr.indeed.com/%EC%B1%84%EC%9A%A9%EB%B3%B4%EA%B8%B0?jk=ce68538bd5f734f2
챗봇 플랫폼 개발자,카카오,성남 판교역,https://kr.indeed.com/%EC%B1%84%EC%9A%A9%EB%B3%B4%EA%B8%B0?jk=20d40ee61adffeca
분석실 - 베이지안 분석 전문가,Nexon,성남 분당구,https://kr.indeed.com/%EC%B1%84%EC%9A%A9%EB%B3%B4%EA%B8%B0?jk=19b44e0d17d112e2
매칭팀 - 데이터분석가,Nexon,성남 분당구,https://kr.indeed.com/%EC%B1%84%EC%9A%A9%EB%B3%B4%EA%B8%B0?jk=48090bdf1303bd76
Quant 트레이딩 부문,벨에포크자산운용,대한민국,https://kr.indeed.com/%EC%B1%84%EC%9A%A9%EB%B3%B4%EA%B8%B0?jk=3e617a8ed7934773
NAVER IDC 서버 운영/관리(평촌),NIT Service,안양 동안구,https://kr.indeed.com/%EC%B1%84%EC%9A%A9%EB%B3%B4%EA%B8%B0?jk=097c35ed002a62e5
카카오 네트워크 엔지니어,카카오,성남 판교역,https://kr.indeed.com/%EC%B1%84%EC%9A%A9%EB%B3%B4%EA%B8%B0?jk=f281c810daf0e10d
데이터 분석 전문가 모집,엔씨소프트,성남 판교역,https://kr.indeed.com/%EC%B1%84%EC%9A%A9%EB%B3%B4%EA%B8%B0?jk=58047cbc4fa71e31
소형전지사업부 경력,삼성SDI,충청남도 천안,https://kr.indeed.com/%EC%B1%84%EC%9A%A9%EB%B3%B4%EA%B8%B0?jk=089931931a0474d5
콘텐츠서비스개발팀 - 데이터분석가,Nexon,성남 분당구,https://kr.indeed.com/%EC%B1%84%EC%9A%A9%EB%B3%B4%EA%B8%B0?jk=b35da47f5e84c9b4
[S/W] Data Scientist,현대자동차그룹,서울 강남구,https://kr.indeed.com/%EC%B1%84%EC%9A%A9%EB%B3%B4%EA%B8%B0?jk=08e8e3177f433432
[위촉연구원] KAIST 자연과학연구소 기간제 근로자 모집 공고,카이스트,대전 유성구,https://kr.indeed.com/%EC%B1%84%EC%9A%A9%EB%B3%B4%EA%B8%B0?jk=775070dc252f6c4c
Global Fintech Data Scientist,LINE Plus corporation,성남 판교역,https://kr.indeed.com/%EC%B1%84%EC%9A%A9%EB%B3%B4%EA%B8%B0?jk=ec0c6e742224caeb
"데이터 가치 함께 발굴하실 머신러닝, 통계 모델링 전문가",카카오,성남 판교역,https://kr.indeed.com/%EC%B1%84%EC%9A%A9%EB%B3%B4%EA%B8%B0?jk=d1e75364ef505c68
Global Fintech DW/BI 엔지니어,LINE Plus corporation,성남 판교역,https://kr.indeed.com/%EC%B1%84%EC%9A%A9%EB%B3%B4%EA%B8%B0?jk=b15048c3c102d92c
"Counter Intelligence and HUMINT Operations Analyst, Mid",Booz Allen Hamilton,경기도 평택,https://kr.indeed.com/%EC%B1%84%EC%9A%A9%EB%B3%B4%EA%B8%B0?jk=c3d7487ed86d9cbe
추천 시스템 연구/개발,카카오,성남 판교역,https://kr.indeed.com/%EC%B1%84%EC%9A%A9%EB%B3%B4%EA%B8%B0?jk=be6c1f03fa566f8e
Data Scientist,Boston Consulting Group,서울,https://kr.indeed.com/%EC%B1%84%EC%9A%A9%EB%B3%B4%EA%B8%B0?jk=ce6747e77c861c46
"MVP 개발 엔지니어(서버, 웹프론트) (정규직, 계약직, 프리랜서)",더테스터,대전 중구,https://kr.indeed.com/%EC%B1%84%EC%9A%A9%EB%B3%B4%EA%B8%B0?jk=1748baa27965fdbf
안드로이드 개발자,스포카,대한민국,https://kr.indeed.com/%EC%B1%84%EC%9A%A9%EB%B3%B4%EA%B8%B0?jk=36a418cd05c30a44
데이터 분석가(팀원급),리디,서울,https://kr.indeed.com/%EC%B1%84%EC%9A%A9%EB%B3%B4%EA%B8%B0?jk=edf056387f11ec0d
데이터 분석가(팀장급),리디,서울,https://kr.indeed.com/%EC%B1%84%EC%9A%A9%EB%B3%B4%EA%B8%B0?jk=a1560e41575e99c4
NAVER IDC 서버 운영/관리(춘천),NIT Service,춘천 동면,https://kr.indeed.com/%EC%B1%84%EC%9A%A9%EB%B3%B4%EA%B8%B0?jk=de567c4b6b588c4c
바디모션 캡처기술 인공지능(AI) 연구개발 전문기업,인공지능(AI) 연구개발 전문기업,경기도,https://kr.indeed.com/%EC%B1%84%EC%9A%A9%EB%B3%B4%EA%B8%B0?jk=8925ce6bab9d00d6
ITSM Service 운영관리(Java.Unix 가능자) / 인천 송도,엠아이티마스,인천 연수구,https://kr.indeed.com/%EC%B1%84%EC%9A%A9%EB%B3%B4%EA%B8%B0?jk=9ebcb7901600200f
"Analog Design Engr, Sr II",Synopsys,경기도 성남,https://kr.indeed.com/%EC%B1%84%EC%9A%A9%EB%B3%B4%EA%B8%B0?jk=2bf26529770cdc22
[AI R&D] Language AI(NLP) Research 분야 수시 채용,엔씨소프트,성남 판교역,https://kr.indeed.com/%EC%B1%84%EC%9A%A9%EB%B3%B4%EA%B8%B0?jk=f4190a8dbb8c05b1
ICT 분야별 개발자,케이뱅크은행,서울 종로구,https://kr.indeed.com/%EC%B1%84%EC%9A%A9%EB%B3%B4%EA%B8%B0?jk=fd9bd0fcbf5c454a
"R&D Engineer, Sr I",Synopsys,서울,https://kr.indeed.com/%EC%B1%84%EC%9A%A9%EB%B3%B4%EA%B8%B0?jk=432b169b273d9964
데스크탑 가상화(VDI) 엔지니어,카카오,성남 판교역,https://kr.indeed.com/%EC%B1%84%EC%9A%A9%EB%B3%B4%EA%B8%B0?jk=530a598184580c95
[연구 인턴] HR Data Analytics,현대자동차그룹,서울 양재역,https://kr.indeed.com/%EC%B1%84%EC%9A%A9%EB%B3%B4%EA%B8%B0?jk=c70860a78df5dcff
[Autonomous Driving] Virtual Environment Simulation Engineer,네이버,서울,https://kr.indeed.com/%EC%B1%84%EC%9A%A9%EB%B3%B4%EA%B8%B0?jk=5ed0334bca0963cb
Machine Learning Engineer (LINE AI Services Lab),LINE Plus corporation,성남 서현역,https://kr.indeed.com/%EC%B1%84%EC%9A%A9%EB%B3%B4%EA%B8%B0?jk=ff52e5f9625f8f34
[허브클랜] 비즈니스 데이터 분석가 (Business Data Analyst) 영입,카카오페이,성남 분당구,https://kr.indeed.com/%EC%B1%84%EC%9A%A9%EB%B3%B4%EA%B8%B0?jk=26d1cbdbfbca34d4
2020 KB데이타시스템 경력직 상시,KB데이타시스템,서울 마포구,https://kr.indeed.com/%EC%B1%84%EC%9A%A9%EB%B3%B4%EA%B8%B0?jk=28fe1c7cb71014dc
Solutions Engineer,Confluent,서울,https://kr.indeed.com/%EC%B1%84%EC%9A%A9%EB%B3%B4%EA%B8%B0?jk=6a399a2c059ebbb1
Developers,Coinplug,경기도 성남,https://kr.indeed.com/%EC%B1%84%EC%9A%A9%EB%B3%B4%EA%B8%B0?jk=9a9e91ae6092ed2d
TOAST CAM 임베디드 개발,NHN,성남 판교역,https://kr.indeed.com/%EC%B1%84%EC%9A%A9%EB%B3%B4%EA%B8%B0?jk=1a75ce748c5f24e9
백엔드 소프트웨어개발자(정규직),데이터킹,안양 동안구,https://kr.indeed.com/%EC%B1%84%EC%9A%A9%EB%B3%B4%EA%B8%B0?jk=72638e557d86d1f0
웹프론트엔드 개발자,Nexon,성남 분당구,https://kr.indeed.com/%EC%B1%84%EC%9A%A9%EB%B3%B4%EA%B8%B0?jk=f4a5057bd3043129
데이터 사이언티스트 지향하는 데이터 엔지니어,카카오,성남 판교역,https://kr.indeed.com/%EC%B1%84%EC%9A%A9%EB%B3%B4%EA%B8%B0?jk=385c58c7ced1d77b
[삼성청년SW아카데미] 프로젝트 컨설턴트 (멀티캠퍼스),멀티캠퍼스,경상북도 구미,https://kr.indeed.com/%EC%B1%84%EC%9A%A9%EB%B3%B4%EA%B8%B0?jk=1a642e02295c816d
"NAVER, LINE 서비스 플랫폼 운영",NIT Service,성남 삼평동,https://kr.indeed.com/%EC%B1%84%EC%9A%A9%EB%B3%B4%EA%B8%B0?jk=285996f91e76a862
Fintech 데이터 분석 전문가 (Data Scientist),LINE Plus corporation,성남 판교역,https://kr.indeed.com/%EC%B1%84%EC%9A%A9%EB%B3%B4%EA%B8%B0?jk=9ce56f0a981fc2f0
2020 Market Data Analyst - Seoul (Korean Speaker),Bloomberg,서울,https://kr.indeed.com/%EC%B1%84%EC%9A%A9%EB%B3%B4%EA%B8%B0?jk=212ca67d161b7162
Python Software Developer,"Old Mission Capital, LLC","Chicago, IL",https://stackoverflow.com/jobs?id=237203&q=python
Python Developer,YouGov,"Bengaluru, India",https://stackoverflow.com/jobs?id=413507&q=python
Python Developer,GeekyWorks,"Pune, India",https://stackoverflow.com/jobs?id=408881&q=python
Python Backend Developer / Data Engineer for Geo Applications,GAF AG,"Neustrelitz, Deutschland",https://stackoverflow.com/jobs?id=419603&q=python
Python Developer/Bangalore,Talent Zone Consultants,"Bengaluru, India",https://stackoverflow.com/jobs?id=413984&q=python
Webentwickler*in Python/Django (m/w/d),Jonas und der Wolf GmbH,"Berlin, Deutschland",https://stackoverflow.com/jobs?id=417804&q=python
Sr. Python Software Engineer,Global Reach Consulting LLC,"Reston, VA",https://stackoverflow.com/jobs?id=417839&q=python
Full Stack Software Engineer | Python + React,None,"New York, NY",https://stackoverflow.com/jobs?id=409884&q=python
senior python developer,None,"London, UK",https://stackoverflow.com/jobs?id=387197&q=python
Python & Django - Full Stack Developer,tyutee,"Bengaluru, India",https://stackoverflow.com/jobs?id=419128&q=python
"Senior Software Engineer, Python",Verys,"Santa Ana, CA",https://stackoverflow.com/jobs?id=419259&q=python
Python Developer,StatValu Private Limited,"Bengaluru, India",https://stackoverflow.com/jobs?id=416393&q=python
Back-End Developer (Python/Django),Apacio Ltd,"Theale, UK",https://stackoverflow.com/jobs?id=397855&q=python
Senior Python Engineer for Booking Backend Tribe,Kiwi.com,"Prague, Czechia",https://stackoverflow.com/jobs?id=410394&q=python
Full Stack Engineer (React + Python),None,"Vilnius, Lithuania",https://stackoverflow.com/jobs?id=411392&q=python
Mid - Senior Python developer,None,"London, UK",https://stackoverflow.com/jobs?id=417504&q=python
Python Developer,Tech Mahindra Limited,"Hyderabad, India",https://stackoverflow.com/jobs?id=405064&q=python
Python Developer,Sparx IT Solutions Pvt. Ltd,"Noida, India",https://stackoverflow.com/jobs?id=417122&q=python
Python Developer,Quarec Resources,"Ahmedabad, India",https://stackoverflow.com/jobs?id=412138&q=python
Python Developer/Senior Python Developer,Crebritech,"Noida, India",https://stackoverflow.com/jobs?id=384512&q=python
Senior Python Developer,YouGov,"Bengaluru, India",https://stackoverflow.com/jobs?id=400054&q=python
Python/Django Developer,Spiria Digital,"Oakville, ON, Canada",https://stackoverflow.com/jobs?id=409892&q=python
Python Developer,HighPoints Technologies India Private Limited,"Hyderabad, India",https://stackoverflow.com/jobs?id=405073&q=python
Python Django Developers,Brand Catalyst Media,"Mumbai, India",https://stackoverflow.com/jobs?id=405244&q=python
Backend Developer – Python/Django,5 Monkeys Agency AB,"Stockholm, Sweden",https://stackoverflow.com/jobs?id=408450&q=python
Python Developer for AAA game,Bongfish GmbH,"Graz, Austria",https://stackoverflow.com/jobs?id=417801&q=python
Senior Python Backend Developer,Finpoint,"Bengaluru, India",https://stackoverflow.com/jobs?id=349797&q=python
Django/Python Backend Engineer,PolicyFly,No office location,https://stackoverflow.com/jobs?id=415347&q=python
開発×Python,株式会社キャリアデザインITパートナーズ,"Chiyoda City, Japan",https://stackoverflow.com/jobs?id=415080&q=python
Full Stack - Python Developer,Shri Harini Media Ltd (A Ramco Group Associate),"Chennai, India",https://stackoverflow.com/jobs?id=417706&q=python
Senior Backend Engineer - Python,APNATIME TECH PRIVATE LIMITED,No office location,https://stackoverflow.com/jobs?id=411044&q=python
Full Stack Python Developer,News Shots,"Mumbai, India",https://stackoverflow.com/jobs?id=417957&q=python
Full Stack Software Engineer | Python + React,None,"New York, NY",https://stackoverflow.com/jobs?id=409884&q=python
Senior Python Engineer,Bulb Energy,"London, UK",https://stackoverflow.com/jobs?id=396265&q=python
senior python developer,None,"London, UK",https://stackoverflow.com/jobs?id=387197&q=python
Python & Django - Full Stack Developer,tyutee,"Bengaluru, India",https://stackoverflow.com/jobs?id=419128&q=python
Python Developer,Quantam Select International,"Mumbai, India",https://stackoverflow.com/jobs?id=405227&q=python
Python Developer,InfoMagnus,"Hyderabad, India",https://stackoverflow.com/jobs?id=343508&q=python
Python Developer,StatValu Private Limited,"Bengaluru, India",https://stackoverflow.com/jobs?id=416393&q=python
開発(Python),株式会社キャリアデザインITパートナーズ,"Shinjuku City, Japan",https://stackoverflow.com/jobs?id=412902&q=python
Senior Full-stack web developer - Python,None,"London, UK",https://stackoverflow.com/jobs?id=355023&q=python
Python Developers,Coverfox,"Mumbai, India",https://stackoverflow.com/jobs?id=405245&q=python
Python Developer,Mystro,"Mumbai, India",https://stackoverflow.com/jobs?id=416562&q=python
Python Developer,SevenMentor Pct. Ltd,"Pune, India",https://stackoverflow.com/jobs?id=412679&q=python
Senior Python Engineer for Booking Backend Tribe,Kiwi.com,"Prague, Czechia",https://stackoverflow.com/jobs?id=410394&q=python
Senior Python Engineer,Cover Genius,"Sydney, Australia",https://stackoverflow.com/jobs?id=416623&q=python
Full Stack Engineer (React + Python),None,"Vilnius, Lithuania",https://stackoverflow.com/jobs?id=411392&q=python
Pythonエンジニア/システムインテグレータ・ソフトハウス,株式会社 ゼロフィールド,"Minato City, Japan",https://stackoverflow.com/jobs?id=402856&q=python
Python Application Developer- London,"JPMorgan Chase Bank, N.A.","London, UK",https://stackoverflow.com/jobs?id=412093&q=python
Junior Python Backend Developer,Finpoint,"Bengaluru, India",https://stackoverflow.com/jobs?id=349727&q=python
